-- template, template_command
-- k8s.group_version: v1
INSERT INTO `template` (`uuid`, `name`, `summary`, `origin`, `created`) VALUES ('00000000000000000000000000000038', 'kubernetes_endpoints_patch', 'class=\'kubernetes\' resource=\'endpoints\' verb=\'patch\' group_version=\'v1\'', 'predefined', NOW());
INSERT INTO `template_command` (`uuid`, `name`, `summary`, `template_uuid`, `sequence`, `method`, `args`, `result_filter`, `created`) VALUES ('00000000000000000000000000000038', 'kubernetes_endpoints_patch_0', 'class=\'kubernetes\' resource=\'endpoints\' verb=\'patch\' group_version=\'v1\'', '00000000000000000000000000000038', '0', 'kubernetes.endpoints.patch.v1', '{"type":"object","properties":{"namespace":{"type":"string","pattern":"^."},"name":{"type":"string","pattern":"^."},"patch_type":{"type":"string","enum":["json","merge"]}},"required":["namespace","name","patch_type"],"dependentRequired":{"patch_type":["patch_data"]},"additionalProperties":false,"if":{"properties":{"patch_type":{"const":"json"}}},"then":{"properties":{"patch_data":{"type":"array","items":{"oneOf":[{"additionalProperties":false,"required":["value","op","path"],"properties":{"path":{"$ref":"#/$defs/path"},"op":{"description":"The operation to perform.","type":"string","enum":["add","replace","test"]},"value":{"description":"The value to add, replace or test."}}},{"additionalProperties":false,"required":["op","path"],"properties":{"path":{"$ref":"#/$defs/path"},"op":{"description":"The operation to perform.","type":"string","enum":["remove"]}}},{"additionalProperties":false,"required":["from","op","path"],"properties":{"path":{"$ref":"#/$defs/path"},"op":{"description":"The operation to perform.","type":"string","enum":["move","copy"]},"from":{"$ref":"#/$defs/path","description":"A JSON Pointer path pointing to the location to move/copy from."}}}]}}}},"else":{"properties":{"patch_data":{"type":"object"}}},"$defs":{"path":{"description":"A JSON Pointer path.","type":"string"}}}', NULL, NOW());
INSERT INTO `template` (`uuid`, `name`, `summary`, `origin`, `created`) VALUES ('00000000000000000000000000000039', 'kubernetes_namespaces_patch', 'class=\'kubernetes\' resource=\'namespaces\' verb=\'patch\' group_version=\'v1\'', 'predefined', NOW());
INSERT INTO `template_command` (`uuid`, `name`, `summary`, `template_uuid`, `sequence`, `method`, `args`, `result_filter`, `created`) VALUES ('00000000000000000000000000000039', 'kubernetes_namespaces_patch_0', 'class=\'kubernetes\' resource=\'namespaces\' verb=\'patch\' group_version=\'v1\'', '00000000000000000000000000000039', '0', 'kubernetes.namespaces.patch.v1', '{"type":"object","properties":{"name":{"type":"string","pattern":"^."},"patch_type":{"type":"string","enum":["json","merge"]}},"required":["name","patch_type"],"dependentRequired":{"patch_type":["patch_data"]},"additionalProperties":false,"if":{"properties":{"patch_type":{"const":"json"}}},"then":{"properties":{"patch_data":{"type":"array","items":{"oneOf":[{"additionalProperties":false,"required":["value","op","path"],"properties":{"path":{"$ref":"#/$defs/path"},"op":{"description":"The operation to perform.","type":"string","enum":["add","replace","test"]},"value":{"description":"The value to add, replace or test."}}},{"additionalProperties":false,"required":["op","path"],"properties":{"path":{"$ref":"#/$defs/path"},"op":{"description":"The operation to perform.","type":"string","enum":["remove"]}}},{"additionalProperties":false,"required":["from","op","path"],"properties":{"path":{"$ref":"#/$defs/path"},"op":{"description":"The operation to perform.","type":"string","enum":["move","copy"]},"from":{"$ref":"#/$defs/path","description":"A JSON Pointer path pointing to the location to move/copy from."}}}]}}}},"else":{"properties":{"patch_data":{"type":"object"}}},"$defs":{"path":{"description":"A JSON Pointer path.","type":"string"}}}', NULL, NOW());

-- k8s.group_version: apps/v1
INSERT INTO `template` (`uuid`, `name`, `summary`, `origin`, `created`) VALUES ('00000000000000000000000000001011', 'kubernetes_daemonsets_patch', 'class=\'kubernetes\' resource=\'daemonsets\' verb=\'patch\' group_version=\'apps/v1\'', 'predefined', NOW());
INSERT INTO `template_command` (`uuid`, `name`, `summary`, `template_uuid`, `sequence`, `method`, `args`, `result_filter`, `created`) VALUES ('00000000000000000000000000001011', 'kubernetes_daemonsets_patch_0', 'class=\'kubernetes\' resource=\'daemonsets\' verb=\'patch\' group_version=\'apps/v1\'', '00000000000000000000000000001011', '0', 'kubernetes.daemonsets.patch.apps/v1', '{"type":"object","properties":{"namespace":{"type":"string","pattern":"^."},"name":{"type":"string","pattern":"^."},"patch_type":{"type":"string","enum":["json","merge"]}},"required":["namespace","name","patch_type"],"dependentRequired":{"patch_type":["patch_data"]},"additionalProperties":false,"if":{"properties":{"patch_type":{"const":"json"}}},"then":{"properties":{"patch_data":{"type":"array","items":{"oneOf":[{"additionalProperties":false,"required":["value","op","path"],"properties":{"path":{"$ref":"#/$defs/path"},"op":{"description":"The operation to perform.","type":"string","enum":["add","replace","test"]},"value":{"description":"The value to add, replace or test."}}},{"additionalProperties":false,"required":["op","path"],"properties":{"path":{"$ref":"#/$defs/path"},"op":{"description":"The operation to perform.","type":"string","enum":["remove"]}}},{"additionalProperties":false,"required":["from","op","path"],"properties":{"path":{"$ref":"#/$defs/path"},"op":{"description":"The operation to perform.","type":"string","enum":["move","copy"]},"from":{"$ref":"#/$defs/path","description":"A JSON Pointer path pointing to the location to move/copy from."}}}]}}}},"else":{"properties":{"patch_data":{"type":"object"}}},"$defs":{"path":{"description":"A JSON Pointer path.","type":"string"}}}', NULL, NOW());
INSERT INTO `template` (`uuid`, `name`, `summary`, `origin`, `created`) VALUES ('00000000000000000000000000001012', 'kubernetes_deployments_patch', 'class=\'kubernetes\' resource=\'deployments\' verb=\'patch\' group_version=\'apps/v1\'', 'predefined', NOW());
INSERT INTO `template_command` (`uuid`, `name`, `summary`, `template_uuid`, `sequence`, `method`, `args`, `result_filter`, `created`) VALUES ('00000000000000000000000000001012', 'kubernetes_deployments_patch_0', 'class=\'kubernetes\' resource=\'deployments\' verb=\'patch\' group_version=\'apps/v1\'', '00000000000000000000000000001012', '0', 'kubernetes.deployments.patch.apps/v1', '{"type":"object","properties":{"namespace":{"type":"string","pattern":"^."},"name":{"type":"string","pattern":"^."},"patch_type":{"type":"string","enum":["json","merge"]}},"required":["namespace","name","patch_type"],"dependentRequired":{"patch_type":["patch_data"]},"additionalProperties":false,"if":{"properties":{"patch_type":{"const":"json"}}},"then":{"properties":{"patch_data":{"type":"array","items":{"oneOf":[{"additionalProperties":false,"required":["value","op","path"],"properties":{"path":{"$ref":"#/$defs/path"},"op":{"description":"The operation to perform.","type":"string","enum":["add","replace","test"]},"value":{"description":"The value to add, replace or test."}}},{"additionalProperties":false,"required":["op","path"],"properties":{"path":{"$ref":"#/$defs/path"},"op":{"description":"The operation to perform.","type":"string","enum":["remove"]}}},{"additionalProperties":false,"required":["from","op","path"],"properties":{"path":{"$ref":"#/$defs/path"},"op":{"description":"The operation to perform.","type":"string","enum":["move","copy"]},"from":{"$ref":"#/$defs/path","description":"A JSON Pointer path pointing to the location to move/copy from."}}}]}}}},"else":{"properties":{"patch_data":{"type":"object"}}},"$defs":{"path":{"description":"A JSON Pointer path.","type":"string"}}}', NULL, NOW());
INSERT INTO `template` (`uuid`, `name`, `summary`, `origin`, `created`) VALUES ('00000000000000000000000000001013', 'kubernetes_statefulsets_patch', 'class=\'kubernetes\' resource=\'statefulsets\' verb=\'patch\' group_version=\'apps/v1\'', 'predefined', NOW());
INSERT INTO `template_command` (`uuid`, `name`, `summary`, `template_uuid`, `sequence`, `method`, `args`, `result_filter`, `created`) VALUES ('00000000000000000000000000001013', 'kubernetes_statefulsets_patch_0', 'class=\'kubernetes\' resource=\'statefulsets\' verb=\'patch\' group_version=\'apps/v1\'', '00000000000000000000000000001013', '0', 'kubernetes.statefulsets.patch.apps/v1', '{"type":"object","properties":{"namespace":{"type":"string","pattern":"^."},"name":{"type":"string","pattern":"^."},"patch_type":{"type":"string","enum":["json","merge"]}},"required":["namespace","name","patch_type"],"dependentRequired":{"patch_type":["patch_data"]},"additionalProperties":false,"if":{"properties":{"patch_type":{"const":"json"}}},"then":{"properties":{"patch_data":{"type":"array","items":{"oneOf":[{"additionalProperties":false,"required":["value","op","path"],"properties":{"path":{"$ref":"#/$defs/path"},"op":{"description":"The operation to perform.","type":"string","enum":["add","replace","test"]},"value":{"description":"The value to add, replace or test."}}},{"additionalProperties":false,"required":["op","path"],"properties":{"path":{"$ref":"#/$defs/path"},"op":{"description":"The operation to perform.","type":"string","enum":["remove"]}}},{"additionalProperties":false,"required":["from","op","path"],"properties":{"path":{"$ref":"#/$defs/path"},"op":{"description":"The operation to perform.","type":"string","enum":["move","copy"]},"from":{"$ref":"#/$defs/path","description":"A JSON Pointer path pointing to the location to move/copy from."}}}]}}}},"else":{"properties":{"patch_data":{"type":"object"}}},"$defs":{"path":{"description":"A JSON Pointer path.","type":"string"}}}', NULL, NOW());

-- k8s.group_version: networking.k8s.io/v1
INSERT INTO `template` (`uuid`, `name`, `summary`, `origin`, `created`) VALUES ('00000000000000000000000000002007', 'kubernetes_ingresses_patch', 'class=\'kubernetes\' resource=\'ingresses\' verb=\'patch\' group_version=\'networking.k8s.io/v1\'', 'predefined', NOW());
INSERT INTO `template_command` (`uuid`, `name`, `summary`, `template_uuid`, `sequence`, `method`, `args`, `result_filter`, `created`) VALUES ('00000000000000000000000000002007', 'kubernetes_ingresses_patch_0', 'class=\'kubernetes\' resource=\'ingresses\' verb=\'patch\' group_version=\'networking.k8s.io/v1\'', '00000000000000000000000000002007', '0', 'kubernetes.ingresses.patch.networking.k8s.io/v1', '{"type":"object","properties":{"namespace":{"type":"string","pattern":"^."},"name":{"type":"string","pattern":"^."},"patch_type":{"type":"string","enum":["json","merge"]}},"required":["namespace","name","patch_type"],"dependentRequired":{"patch_type":["patch_data"]},"additionalProperties":false,"if":{"properties":{"patch_type":{"const":"json"}}},"then":{"properties":{"patch_data":{"type":"array","items":{"oneOf":[{"additionalProperties":false,"required":["value","op","path"],"properties":{"path":{"$ref":"#/$defs/path"},"op":{"description":"The operation to perform.","type":"string","enum":["add","replace","test"]},"value":{"description":"The value to add, replace or test."}}},{"additionalProperties":false,"required":["op","path"],"properties":{"path":{"$ref":"#/$defs/path"},"op":{"description":"The operation to perform.","type":"string","enum":["remove"]}}},{"additionalProperties":false,"required":["from","op","path"],"properties":{"path":{"$ref":"#/$defs/path"},"op":{"description":"The operation to perform.","type":"string","enum":["move","copy"]},"from":{"$ref":"#/$defs/path","description":"A JSON Pointer path pointing to the location to move/copy from."}}}]}}}},"else":{"properties":{"patch_data":{"type":"object"}}},"$defs":{"path":{"description":"A JSON Pointer path.","type":"string"}}}', NULL, NOW());

-- k8s.group_version: monitoring.coreos.com/v1
INSERT INTO `template` (`uuid`, `name`, `summary`, `origin`, `created`) VALUES ('00000000000000000000000000004015', 'kubernetes_prometheuses_patch', 'class=\'kubernetes\' resource=\'prometheuses\' verb=\'patch\' group_version=\'monitoring.coreos.com/v1\'', 'predefined', NOW());
INSERT INTO `template_command` (`uuid`, `name`, `summary`, `template_uuid`, `sequence`, `method`, `args`, `result_filter`, `created`) VALUES ('00000000000000000000000000004015', 'kubernetes_prometheuses_patch_0', 'class=\'kubernetes\' resource=\'prometheuses\' verb=\'patch\' group_version=\'monitoring.coreos.com/v1\'', '00000000000000000000000000004015', '0', 'kubernetes.prometheuses.patch.monitoring.coreos.com/v1', '{"type":"object","properties":{"namespace":{"type":"string","pattern":"^."},"name":{"type":"string","pattern":"^."},"patch_type":{"type":"string","enum":["json","merge"]}},"required":["namespace","name","patch_type"],"dependentRequired":{"patch_type":["patch_data"]},"additionalProperties":false,"if":{"properties":{"patch_type":{"const":"json"}}},"then":{"properties":{"patch_data":{"type":"array","items":{"oneOf":[{"additionalProperties":false,"required":["value","op","path"],"properties":{"path":{"$ref":"#/$defs/path"},"op":{"description":"The operation to perform.","type":"string","enum":["add","replace","test"]},"value":{"description":"The value to add, replace or test."}}},{"additionalProperties":false,"required":["op","path"],"properties":{"path":{"$ref":"#/$defs/path"},"op":{"description":"The operation to perform.","type":"string","enum":["remove"]}}},{"additionalProperties":false,"required":["from","op","path"],"properties":{"path":{"$ref":"#/$defs/path"},"op":{"description":"The operation to perform.","type":"string","enum":["move","copy"]},"from":{"$ref":"#/$defs/path","description":"A JSON Pointer path pointing to the location to move/copy from."}}}]}}}},"else":{"properties":{"patch_data":{"type":"object"}}},"$defs":{"path":{"description":"A JSON Pointer path.","type":"string"}}}', NULL, NOW());
INSERT INTO `template` (`uuid`, `name`, `summary`, `origin`, `created`) VALUES ('00000000000000000000000000004016', 'kubernetes_prometheusrules_patch', 'class=\'kubernetes\' resource=\'prometheusrules\' verb=\'patch\' group_version=\'monitoring.coreos.com/v1\'', 'predefined', NOW());
INSERT INTO `template_command` (`uuid`, `name`, `summary`, `template_uuid`, `sequence`, `method`, `args`, `result_filter`, `created`) VALUES ('00000000000000000000000000004016', 'kubernetes_prometheusrules_patch_0', 'class=\'kubernetes\' resource=\'prometheusrules\' verb=\'patch\' group_version=\'monitoring.coreos.com/v1\'', '00000000000000000000000000004016', '0', 'kubernetes.prometheusrules.patch.monitoring.coreos.com/v1', '{"type":"object","properties":{"namespace":{"type":"string","pattern":"^."},"name":{"type":"string","pattern":"^."},"patch_type":{"type":"string","enum":["json","merge"]}},"required":["namespace","name","patch_type"],"dependentRequired":{"patch_type":["patch_data"]},"additionalProperties":false,"if":{"properties":{"patch_type":{"const":"json"}}},"then":{"properties":{"patch_data":{"type":"array","items":{"oneOf":[{"additionalProperties":false,"required":["value","op","path"],"properties":{"path":{"$ref":"#/$defs/path"},"op":{"description":"The operation to perform.","type":"string","enum":["add","replace","test"]},"value":{"description":"The value to add, replace or test."}}},{"additionalProperties":false,"required":["op","path"],"properties":{"path":{"$ref":"#/$defs/path"},"op":{"description":"The operation to perform.","type":"string","enum":["remove"]}}},{"additionalProperties":false,"required":["from","op","path"],"properties":{"path":{"$ref":"#/$defs/path"},"op":{"description":"The operation to perform.","type":"string","enum":["move","copy"]},"from":{"$ref":"#/$defs/path","description":"A JSON Pointer path pointing to the location to move/copy from."}}}]}}}},"else":{"properties":{"patch_data":{"type":"object"}}},"$defs":{"path":{"description":"A JSON Pointer path.","type":"string"}}}', NULL, NOW());
INSERT INTO `template` (`uuid`, `name`, `summary`, `origin`, `created`) VALUES ('00000000000000000000000000004017', 'kubernetes_servicemonitors_patch', 'class=\'kubernetes\' resource=\'servicemonitors\' verb=\'patch\' group_version=\'monitoring.coreos.com/v1\'', 'predefined', NOW());
INSERT INTO `template_command` (`uuid`, `name`, `summary`, `template_uuid`, `sequence`, `method`, `args`, `result_filter`, `created`) VALUES ('00000000000000000000000000004017', 'kubernetes_servicemonitors_patch_0', 'class=\'kubernetes\' resource=\'servicemonitors\' verb=\'patch\' group_version=\'monitoring.coreos.com/v1\'', '00000000000000000000000000004017', '0', 'kubernetes.servicemonitors.patch.monitoring.coreos.com/v1', '{"type":"object","properties":{"namespace":{"type":"string","pattern":"^."},"name":{"type":"string","pattern":"^."},"patch_type":{"type":"string","enum":["json","merge"]}},"required":["namespace","name","patch_type"],"dependentRequired":{"patch_type":["patch_data"]},"additionalProperties":false,"if":{"properties":{"patch_type":{"const":"json"}}},"then":{"properties":{"patch_data":{"type":"array","items":{"oneOf":[{"additionalProperties":false,"required":["value","op","path"],"properties":{"path":{"$ref":"#/$defs/path"},"op":{"description":"The operation to perform.","type":"string","enum":["add","replace","test"]},"value":{"description":"The value to add, replace or test."}}},{"additionalProperties":false,"required":["op","path"],"properties":{"path":{"$ref":"#/$defs/path"},"op":{"description":"The operation to perform.","type":"string","enum":["remove"]}}},{"additionalProperties":false,"required":["from","op","path"],"properties":{"path":{"$ref":"#/$defs/path"},"op":{"description":"The operation to perform.","type":"string","enum":["move","copy"]},"from":{"$ref":"#/$defs/path","description":"A JSON Pointer path pointing to the location to move/copy from."}}}]}}}},"else":{"properties":{"patch_data":{"type":"object"}}},"$defs":{"path":{"description":"A JSON Pointer path.","type":"string"}}}', NULL, NOW());
INSERT INTO `template` (`uuid`, `name`, `summary`, `origin`, `created`) VALUES ('00000000000000000000000000004018', 'kubernetes_alertmanagers_patch', 'class=\'kubernetes\' resource=\'alertmanagers\' verb=\'patch\' group_version=\'monitoring.coreos.com/v1\'', 'predefined', NOW());
INSERT INTO `template_command` (`uuid`, `name`, `summary`, `template_uuid`, `sequence`, `method`, `args`, `result_filter`, `created`) VALUES ('00000000000000000000000000004018', 'kubernetes_alertmanagers_patch_0', 'class=\'kubernetes\' resource=\'alertmanagers\' verb=\'patch\' group_version=\'monitoring.coreos.com/v1\'', '00000000000000000000000000004018', '0', 'kubernetes.alertmanagers.patch.monitoring.coreos.com/v1', '{"type":"object","properties":{"namespace":{"type":"string","pattern":"^."},"name":{"type":"string","pattern":"^."},"patch_type":{"type":"string","enum":["json","merge"]}},"required":["namespace","name","patch_type"],"dependentRequired":{"patch_type":["patch_data"]},"additionalProperties":false,"if":{"properties":{"patch_type":{"const":"json"}}},"then":{"properties":{"patch_data":{"type":"array","items":{"oneOf":[{"additionalProperties":false,"required":["value","op","path"],"properties":{"path":{"$ref":"#/$defs/path"},"op":{"description":"The operation to perform.","type":"string","enum":["add","replace","test"]},"value":{"description":"The value to add, replace or test."}}},{"additionalProperties":false,"required":["op","path"],"properties":{"path":{"$ref":"#/$defs/path"},"op":{"description":"The operation to perform.","type":"string","enum":["remove"]}}},{"additionalProperties":false,"required":["from","op","path"],"properties":{"path":{"$ref":"#/$defs/path"},"op":{"description":"The operation to perform.","type":"string","enum":["move","copy"]},"from":{"$ref":"#/$defs/path","description":"A JSON Pointer path pointing to the location to move/copy from."}}}]}}}},"else":{"properties":{"patch_data":{"type":"object"}}},"$defs":{"path":{"description":"A JSON Pointer path.","type":"string"}}}', NULL, NOW());
INSERT INTO `template` (`uuid`, `name`, `summary`, `origin`, `created`) VALUES ('00000000000000000000000000004019', 'kubernetes_podmonitors_patch', 'class=\'kubernetes\' resource=\'podmonitors\' verb=\'patch\' group_version=\'monitoring.coreos.com/v1\'', 'predefined', NOW());
INSERT INTO `template_command` (`uuid`, `name`, `summary`, `template_uuid`, `sequence`, `method`, `args`, `result_filter`, `created`) VALUES ('00000000000000000000000000004019', 'kubernetes_podmonitors_patch_0', 'class=\'kubernetes\' resource=\'podmonitors\' verb=\'patch\' group_version=\'monitoring.coreos.com/v1\'', '00000000000000000000000000004019', '0', 'kubernetes.podmonitors.patch.monitoring.coreos.com/v1', '{"type":"object","properties":{"namespace":{"type":"string","pattern":"^."},"name":{"type":"string","pattern":"^."},"patch_type":{"type":"string","enum":["json","merge"]}},"required":["namespace","name","patch_type"],"dependentRequired":{"patch_type":["patch_data"]},"additionalProperties":false,"if":{"properties":{"patch_type":{"const":"json"}}},"then":{"properties":{"patch_data":{"type":"array","items":{"oneOf":[{"additionalProperties":false,"required":["value","op","path"],"properties":{"path":{"$ref":"#/$defs/path"},"op":{"description":"The operation to perform.","type":"string","enum":["add","replace","test"]},"value":{"description":"The value to add, replace or test."}}},{"additionalProperties":false,"required":["op","path"],"properties":{"path":{"$ref":"#/$defs/path"},"op":{"description":"The operation to perform.","type":"string","enum":["remove"]}}},{"additionalProperties":false,"required":["from","op","path"],"properties":{"path":{"$ref":"#/$defs/path"},"op":{"description":"The operation to perform.","type":"string","enum":["move","copy"]},"from":{"$ref":"#/$defs/path","description":"A JSON Pointer path pointing to the location to move/copy from."}}}]}}}},"else":{"properties":{"patch_data":{"type":"object"}}},"$defs":{"path":{"description":"A JSON Pointer path.","type":"string"}}}', NULL, NOW());
INSERT INTO `template` (`uuid`, `name`, `summary`, `origin`, `created`) VALUES ('00000000000000000000000000004020', 'kubernetes_probes_patch', 'class=\'kubernetes\' resource=\'probes\' verb=\'patch\' group_version=\'monitoring.coreos.com/v1\'', 'predefined', NOW());
INSERT INTO `template_command` (`uuid`, `name`, `summary`, `template_uuid`, `sequence`, `method`, `args`, `result_filter`, `created`) VALUES ('00000000000000000000000000004020', 'kubernetes_probes_patch_0', 'class=\'kubernetes\' resource=\'probes\' verb=\'patch\' group_version=\'monitoring.coreos.com/v1\'', '00000000000000000000000000004020', '0', 'kubernetes.probes.patch.monitoring.coreos.com/v1', '{"type":"object","properties":{"namespace":{"type":"string","pattern":"^."},"name":{"type":"string","pattern":"^."},"patch_type":{"type":"string","enum":["json","merge"]}},"required":["namespace","name","patch_type"],"dependentRequired":{"patch_type":["patch_data"]},"additionalProperties":false,"if":{"properties":{"patch_type":{"const":"json"}}},"then":{"properties":{"patch_data":{"type":"array","items":{"oneOf":[{"additionalProperties":false,"required":["value","op","path"],"properties":{"path":{"$ref":"#/$defs/path"},"op":{"description":"The operation to perform.","type":"string","enum":["add","replace","test"]},"value":{"description":"The value to add, replace or test."}}},{"additionalProperties":false,"required":["op","path"],"properties":{"path":{"$ref":"#/$defs/path"},"op":{"description":"The operation to perform.","type":"string","enum":["remove"]}}},{"additionalProperties":false,"required":["from","op","path"],"properties":{"path":{"$ref":"#/$defs/path"},"op":{"description":"The operation to perform.","type":"string","enum":["move","copy"]},"from":{"$ref":"#/$defs/path","description":"A JSON Pointer path pointing to the location to move/copy from."}}}]}}}},"else":{"properties":{"patch_data":{"type":"object"}}},"$defs":{"path":{"description":"A JSON Pointer path.","type":"string"}}}', NULL, NOW());
INSERT INTO `template` (`uuid`, `name`, `summary`, `origin`, `created`) VALUES ('00000000000000000000000000004021', 'kubernetes_thanosrulers_patch', 'class=\'kubernetes\' resource=\'thanosrulers\' verb=\'patch\' group_version=\'monitoring.coreos.com/v1\'', 'predefined', NOW());
INSERT INTO `template_command` (`uuid`, `name`, `summary`, `template_uuid`, `sequence`, `method`, `args`, `result_filter`, `created`) VALUES ('00000000000000000000000000004021', 'kubernetes_thanosrulers_patch_0', 'class=\'kubernetes\' resource=\'thanosrulers\' verb=\'patch\' group_version=\'monitoring.coreos.com/v1\'', '00000000000000000000000000004021', '0', 'kubernetes.thanosrulers.patch.monitoring.coreos.com/v1', '{"type":"object","properties":{"namespace":{"type":"string","pattern":"^."},"name":{"type":"string","pattern":"^."},"patch_type":{"type":"string","enum":["json","merge"]}},"required":["namespace","name","patch_type"],"dependentRequired":{"patch_type":["patch_data"]},"additionalProperties":false,"if":{"properties":{"patch_type":{"const":"json"}}},"then":{"properties":{"patch_data":{"type":"array","items":{"oneOf":[{"additionalProperties":false,"required":["value","op","path"],"properties":{"path":{"$ref":"#/$defs/path"},"op":{"description":"The operation to perform.","type":"string","enum":["add","replace","test"]},"value":{"description":"The value to add, replace or test."}}},{"additionalProperties":false,"required":["op","path"],"properties":{"path":{"$ref":"#/$defs/path"},"op":{"description":"The operation to perform.","type":"string","enum":["remove"]}}},{"additionalProperties":false,"required":["from","op","path"],"properties":{"path":{"$ref":"#/$defs/path"},"op":{"description":"The operation to perform.","type":"string","enum":["move","copy"]},"from":{"$ref":"#/$defs/path","description":"A JSON Pointer path pointing to the location to move/copy from."}}}]}}}},"else":{"properties":{"patch_data":{"type":"object"}}},"$defs":{"path":{"description":"A JSON Pointer path.","type":"string"}}}', NULL, NOW());

-- k8s.group_version: monitoring.coreos.com/v1alpha1
INSERT INTO `template` (`uuid`, `name`, `summary`, `origin`, `created`) VALUES ('00000000000000000000000100004003', 'kubernetes_alertmanagerconfigs_patch', 'class=\'kubernetes\' resource=\'alertmanagerconfigs\' verb=\'patch\' group_version=\'monitoring.coreos.com/v1alpha1\'', 'predefined', NOW());
INSERT INTO `template_command` (`uuid`, `name`, `summary`, `template_uuid`, `sequence`, `method`, `args`, `result_filter`, `created`) VALUES ('00000000000000000000000100004003', 'kubernetes_alertmanagerconfigs_patch_0', 'class=\'kubernetes\' resource=\'alertmanagerconfigs\' verb=\'patch\' group_version=\'monitoring.coreos.com/v1alpha1\'', '00000000000000000000000100004003', '0', 'kubernetes.alertmanagerconfigs.patch.monitoring.coreos.com/v1alpha1', '{"type":"object","properties":{"namespace":{"type":"string","pattern":"^."},"name":{"type":"string","pattern":"^."},"patch_type":{"type":"string","enum":["json","merge"]}},"required":["namespace","name","patch_type"],"dependentRequired":{"patch_type":["patch_data"]},"additionalProperties":false,"if":{"properties":{"patch_type":{"const":"json"}}},"then":{"properties":{"patch_data":{"type":"array","items":{"oneOf":[{"additionalProperties":false,"required":["value","op","path"],"properties":{"path":{"$ref":"#/$defs/path"},"op":{"description":"The operation to perform.","type":"string","enum":["add","replace","test"]},"value":{"description":"The value to add, replace or test."}}},{"additionalProperties":false,"required":["op","path"],"properties":{"path":{"$ref":"#/$defs/path"},"op":{"description":"The operation to perform.","type":"string","enum":["remove"]}}},{"additionalProperties":false,"required":["from","op","path"],"properties":{"path":{"$ref":"#/$defs/path"},"op":{"description":"The operation to perform.","type":"string","enum":["move","copy"]},"from":{"$ref":"#/$defs/path","description":"A JSON Pointer path pointing to the location to move/copy from."}}}]}}}},"else":{"properties":{"patch_data":{"type":"object"}}},"$defs":{"path":{"description":"A JSON Pointer path.","type":"string"}}}', NULL, NOW());

-- k8s.group_version: batch/v1
INSERT INTO `template` (`uuid`, `name`, `summary`, `origin`, `created`) VALUES ('00000000000000000000000000005005', 'kubernetes_cronjobs_patch', 'class=\'kubernetes\' resource=\'cronjobs\' verb=\'patch\' group_version=\'batch/v1\'', 'predefined', NOW());
INSERT INTO `template_command` (`uuid`, `name`, `summary`, `template_uuid`, `sequence`, `method`, `args`, `result_filter`, `created`) VALUES ('00000000000000000000000000005005', 'kubernetes_cronjobs_patch_0', 'class=\'kubernetes\' resource=\'cronjobs\' verb=\'patch\' group_version=\'batch/v1\'', '00000000000000000000000000005005', '0', 'kubernetes.cronjobs.patch.batch/v1', '{"type":"object","properties":{"namespace":{"type":"string","pattern":"^."},"name":{"type":"string","pattern":"^."},"patch_type":{"type":"string","enum":["json","merge"]}},"required":["namespace","name","patch_type"],"dependentRequired":{"patch_type":["patch_data"]},"additionalProperties":false,"if":{"properties":{"patch_type":{"const":"json"}}},"then":{"properties":{"patch_data":{"type":"array","items":{"oneOf":[{"additionalProperties":false,"required":["value","op","path"],"properties":{"path":{"$ref":"#/$defs/path"},"op":{"description":"The operation to perform.","type":"string","enum":["add","replace","test"]},"value":{"description":"The value to add, replace or test."}}},{"additionalProperties":false,"required":["op","path"],"properties":{"path":{"$ref":"#/$defs/path"},"op":{"description":"The operation to perform.","type":"string","enum":["remove"]}}},{"additionalProperties":false,"required":["from","op","path"],"properties":{"path":{"$ref":"#/$defs/path"},"op":{"description":"The operation to perform.","type":"string","enum":["move","copy"]},"from":{"$ref":"#/$defs/path","description":"A JSON Pointer path pointing to the location to move/copy from."}}}]}}}},"else":{"properties":{"patch_data":{"type":"object"}}},"$defs":{"path":{"description":"A JSON Pointer path.","type":"string"}}}', NULL, NOW());

-- k8s.group_version: autoscaling/v2
INSERT INTO `template` (`uuid`, `name`, `summary`, `origin`, `created`) VALUES ('00000000000000000000000000009003', 'kubernetes_horizontalpodautoscalers_patch', 'class=\'kubernetes\' resource=\'horizontalpodautoscalers\' verb=\'patch\' group_version=\'autoscaling/v2\'', 'predefined', NOW());
INSERT INTO `template_command` (`uuid`, `name`, `summary`, `template_uuid`, `sequence`, `method`, `args`, `result_filter`, `created`) VALUES ('00000000000000000000000000009003', 'kubernetes_horizontalpodautoscalers_patch_0', 'class=\'kubernetes\' resource=\'horizontalpodautoscalers\' verb=\'patch\' group_version=\'autoscaling/v2\'', '00000000000000000000000000009003', '0', 'kubernetes.horizontalpodautoscalers.patch.autoscaling/v2', '{"type":"object","properties":{"namespace":{"type":"string","pattern":"^."},"name":{"type":"string","pattern":"^."},"patch_type":{"type":"string","enum":["json","merge"]}},"required":["namespace","name","patch_type"],"dependentRequired":{"patch_type":["patch_data"]},"additionalProperties":false,"if":{"properties":{"patch_type":{"const":"json"}}},"then":{"properties":{"patch_data":{"type":"array","items":{"oneOf":[{"additionalProperties":false,"required":["value","op","path"],"properties":{"path":{"$ref":"#/$defs/path"},"op":{"description":"The operation to perform.","type":"string","enum":["add","replace","test"]},"value":{"description":"The value to add, replace or test."}}},{"additionalProperties":false,"required":["op","path"],"properties":{"path":{"$ref":"#/$defs/path"},"op":{"description":"The operation to perform.","type":"string","enum":["remove"]}}},{"additionalProperties":false,"required":["from","op","path"],"properties":{"path":{"$ref":"#/$defs/path"},"op":{"description":"The operation to perform.","type":"string","enum":["move","copy"]},"from":{"$ref":"#/$defs/path","description":"A JSON Pointer path pointing to the location to move/copy from."}}}]}}}},"else":{"properties":{"patch_data":{"type":"object"}}},"$defs":{"path":{"description":"A JSON Pointer path.","type":"string"}}}', NULL, NOW());

-- k8s.group_version: rbac.authorization.k8s.io/v1
INSERT INTO `template` (`uuid`, `name`, `summary`, `origin`, `created`) VALUES ('00000000000000000000000000015009', 'kubernetes_clusterrolebindings_patch', 'class=\'kubernetes\' resource=\'clusterrolebindings\' verb=\'patch\' group_version=\'rbac.authorization.k8s.io/v1\'', 'predefined', NOW());
INSERT INTO `template_command` (`uuid`, `name`, `summary`, `template_uuid`, `sequence`, `method`, `args`, `result_filter`, `created`) VALUES ('00000000000000000000000000015009', 'kubernetes_clusterrolebindings_patch_0', 'class=\'kubernetes\' resource=\'clusterrolebindings\' verb=\'patch\' group_version=\'rbac.authorization.k8s.io/v1\'', '00000000000000000000000000015009', '0', 'kubernetes.clusterrolebindings.patch.rbac.authorization.k8s.io/v1', '{"type":"object","properties":{"name":{"type":"string","pattern":"^."},"patch_type":{"type":"string","enum":["json","merge"]}},"required":["name","patch_type"],"dependentRequired":{"patch_type":["patch_data"]},"additionalProperties":false,"if":{"properties":{"patch_type":{"const":"json"}}},"then":{"properties":{"patch_data":{"type":"array","items":{"oneOf":[{"additionalProperties":false,"required":["value","op","path"],"properties":{"path":{"$ref":"#/$defs/path"},"op":{"description":"The operation to perform.","type":"string","enum":["add","replace","test"]},"value":{"description":"The value to add, replace or test."}}},{"additionalProperties":false,"required":["op","path"],"properties":{"path":{"$ref":"#/$defs/path"},"op":{"description":"The operation to perform.","type":"string","enum":["remove"]}}},{"additionalProperties":false,"required":["from","op","path"],"properties":{"path":{"$ref":"#/$defs/path"},"op":{"description":"The operation to perform.","type":"string","enum":["move","copy"]},"from":{"$ref":"#/$defs/path","description":"A JSON Pointer path pointing to the location to move/copy from."}}}]}}}},"else":{"properties":{"patch_data":{"type":"object"}}},"$defs":{"path":{"description":"A JSON Pointer path.","type":"string"}}}', NULL, NOW());
INSERT INTO `template` (`uuid`, `name`, `summary`, `origin`, `created`) VALUES ('00000000000000000000000000015010', 'kubernetes_clusterroles_patch', 'class=\'kubernetes\' resource=\'clusterroles\' verb=\'patch\' group_version=\'rbac.authorization.k8s.io/v1\'', 'predefined', NOW());
INSERT INTO `template_command` (`uuid`, `name`, `summary`, `template_uuid`, `sequence`, `method`, `args`, `result_filter`, `created`) VALUES ('00000000000000000000000000015010', 'kubernetes_clusterroles_patch_0', 'class=\'kubernetes\' resource=\'clusterroles\' verb=\'patch\' group_version=\'rbac.authorization.k8s.io/v1\'', '00000000000000000000000000015010', '0', 'kubernetes.clusterroles.patch.rbac.authorization.k8s.io/v1', '{"type":"object","properties":{"name":{"type":"string","pattern":"^."},"patch_type":{"type":"string","enum":["json","merge"]}},"required":["name","patch_type"],"dependentRequired":{"patch_type":["patch_data"]},"additionalProperties":false,"if":{"properties":{"patch_type":{"const":"json"}}},"then":{"properties":{"patch_data":{"type":"array","items":{"oneOf":[{"additionalProperties":false,"required":["value","op","path"],"properties":{"path":{"$ref":"#/$defs/path"},"op":{"description":"The operation to perform.","type":"string","enum":["add","replace","test"]},"value":{"description":"The value to add, replace or test."}}},{"additionalProperties":false,"required":["op","path"],"properties":{"path":{"$ref":"#/$defs/path"},"op":{"description":"The operation to perform.","type":"string","enum":["remove"]}}},{"additionalProperties":false,"required":["from","op","path"],"properties":{"path":{"$ref":"#/$defs/path"},"op":{"description":"The operation to perform.","type":"string","enum":["move","copy"]},"from":{"$ref":"#/$defs/path","description":"A JSON Pointer path pointing to the location to move/copy from."}}}]}}}},"else":{"properties":{"patch_data":{"type":"object"}}},"$defs":{"path":{"description":"A JSON Pointer path.","type":"string"}}}', NULL, NOW());
INSERT INTO `template` (`uuid`, `name`, `summary`, `origin`, `created`) VALUES ('00000000000000000000000000015011', 'kubernetes_rolebindings_patch', 'class=\'kubernetes\' resource=\'rolebindings\' verb=\'patch\' group_version=\'rbac.authorization.k8s.io/v1\'', 'predefined', NOW());
INSERT INTO `template_command` (`uuid`, `name`, `summary`, `template_uuid`, `sequence`, `method`, `args`, `result_filter`, `created`) VALUES ('00000000000000000000000000015011', 'kubernetes_rolebindings_patch_0', 'class=\'kubernetes\' resource=\'rolebindings\' verb=\'patch\' group_version=\'rbac.authorization.k8s.io/v1\'', '00000000000000000000000000015011', '0', 'kubernetes.rolebindings.patch.rbac.authorization.k8s.io/v1', '{"type":"object","properties":{"namespace":{"type":"string","pattern":"^."},"name":{"type":"string","pattern":"^."},"patch_type":{"type":"string","enum":["json","merge"]}},"required":["namespace","name","patch_type"],"dependentRequired":{"patch_type":["patch_data"]},"additionalProperties":false,"if":{"properties":{"patch_type":{"const":"json"}}},"then":{"properties":{"patch_data":{"type":"array","items":{"oneOf":[{"additionalProperties":false,"required":["value","op","path"],"properties":{"path":{"$ref":"#/$defs/path"},"op":{"description":"The operation to perform.","type":"string","enum":["add","replace","test"]},"value":{"description":"The value to add, replace or test."}}},{"additionalProperties":false,"required":["op","path"],"properties":{"path":{"$ref":"#/$defs/path"},"op":{"description":"The operation to perform.","type":"string","enum":["remove"]}}},{"additionalProperties":false,"required":["from","op","path"],"properties":{"path":{"$ref":"#/$defs/path"},"op":{"description":"The operation to perform.","type":"string","enum":["move","copy"]},"from":{"$ref":"#/$defs/path","description":"A JSON Pointer path pointing to the location to move/copy from."}}}]}}}},"else":{"properties":{"patch_data":{"type":"object"}}},"$defs":{"path":{"description":"A JSON Pointer path.","type":"string"}}}', NULL, NOW());
INSERT INTO `template` (`uuid`, `name`, `summary`, `origin`, `created`) VALUES ('00000000000000000000000000015012', 'kubernetes_roles_patch', 'class=\'kubernetes\' resource=\'roles\' verb=\'patch\' group_version=\'rbac.authorization.k8s.io/v1\'', 'predefined', NOW());
INSERT INTO `template_command` (`uuid`, `name`, `summary`, `template_uuid`, `sequence`, `method`, `args`, `result_filter`, `created`) VALUES ('00000000000000000000000000015012', 'kubernetes_roles_patch_0', 'class=\'kubernetes\' resource=\'roles\' verb=\'patch\' group_version=\'rbac.authorization.k8s.io/v1\'', '00000000000000000000000000015012', '0', 'kubernetes.roles.patch.rbac.authorization.k8s.io/v1', '{"type":"object","properties":{"namespace":{"type":"string","pattern":"^."},"name":{"type":"string","pattern":"^."},"patch_type":{"type":"string","enum":["json","merge"]}},"required":["namespace","name","patch_type"],"dependentRequired":{"patch_type":["patch_data"]},"additionalProperties":false,"if":{"properties":{"patch_type":{"const":"json"}}},"then":{"properties":{"patch_data":{"type":"array","items":{"oneOf":[{"additionalProperties":false,"required":["value","op","path"],"properties":{"path":{"$ref":"#/$defs/path"},"op":{"description":"The operation to perform.","type":"string","enum":["add","replace","test"]},"value":{"description":"The value to add, replace or test."}}},{"additionalProperties":false,"required":["op","path"],"properties":{"path":{"$ref":"#/$defs/path"},"op":{"description":"The operation to perform.","type":"string","enum":["remove"]}}},{"additionalProperties":false,"required":["from","op","path"],"properties":{"path":{"$ref":"#/$defs/path"},"op":{"description":"The operation to perform.","type":"string","enum":["move","copy"]},"from":{"$ref":"#/$defs/path","description":"A JSON Pointer path pointing to the location to move/copy from."}}}]}}}},"else":{"properties":{"patch_data":{"type":"object"}}},"$defs":{"path":{"description":"A JSON Pointer path.","type":"string"}}}', NULL, NOW());

-- template_recipe
-- k8s.group_version: v1
INSERT INTO `template_recipe` ( `method`, `args`, `name`, `summary`, `created`) VALUES ('kubernetes.endpoints.patch.v1', '{"type":"object","properties":{"namespace":{"type":"string","pattern":"^."},"name":{"type":"string","pattern":"^."},"patch_type":{"type":"string","enum":["json","merge"]}},"required":["namespace","name","patch_type"],"dependentRequired":{"patch_type":["patch_data"]},"additionalProperties":false,"if":{"properties":{"patch_type":{"const":"json"}}},"then":{"properties":{"patch_data":{"type":"array","items":{"oneOf":[{"additionalProperties":false,"required":["value","op","path"],"properties":{"path":{"$ref":"#/$defs/path"},"op":{"description":"The operation to perform.","type":"string","enum":["add","replace","test"]},"value":{"description":"The value to add, replace or test."}}},{"additionalProperties":false,"required":["op","path"],"properties":{"path":{"$ref":"#/$defs/path"},"op":{"description":"The operation to perform.","type":"string","enum":["remove"]}}},{"additionalProperties":false,"required":["from","op","path"],"properties":{"path":{"$ref":"#/$defs/path"},"op":{"description":"The operation to perform.","type":"string","enum":["move","copy"]},"from":{"$ref":"#/$defs/path","description":"A JSON Pointer path pointing to the location to move/copy from."}}}]}}}},"else":{"properties":{"patch_data":{"type":"object"}}},"$defs":{"path":{"description":"A JSON Pointer path.","type":"string"}}}', 'kubernetes-endpoints-patch-v1', 'namespace:optional;string;,labels:optional;key-value;', NOW());
INSERT INTO `template_recipe` ( `method`, `args`, `name`, `summary`, `created`) VALUES ('kubernetes.namespaces.patch.v1', '{"type":"object","properties":{"name":{"type":"string","pattern":"^."},"patch_type":{"type":"string","enum":["json","merge"]}},"required":["name","patch_type"],"dependentRequired":{"patch_type":["patch_data"]},"additionalProperties":false,"if":{"properties":{"patch_type":{"const":"json"}}},"then":{"properties":{"patch_data":{"type":"array","items":{"oneOf":[{"additionalProperties":false,"required":["value","op","path"],"properties":{"path":{"$ref":"#/$defs/path"},"op":{"description":"The operation to perform.","type":"string","enum":["add","replace","test"]},"value":{"description":"The value to add, replace or test."}}},{"additionalProperties":false,"required":["op","path"],"properties":{"path":{"$ref":"#/$defs/path"},"op":{"description":"The operation to perform.","type":"string","enum":["remove"]}}},{"additionalProperties":false,"required":["from","op","path"],"properties":{"path":{"$ref":"#/$defs/path"},"op":{"description":"The operation to perform.","type":"string","enum":["move","copy"]},"from":{"$ref":"#/$defs/path","description":"A JSON Pointer path pointing to the location to move/copy from."}}}]}}}},"else":{"properties":{"patch_data":{"type":"object"}}},"$defs":{"path":{"description":"A JSON Pointer path.","type":"string"}}}', 'kubernetes-namespaces-patch-v1', 'labels:optional;key-value;', NOW());

-- k8s.group_version: apps/v1
INSERT INTO `template_recipe` ( `method`, `args`, `name`, `summary`, `created`) VALUES ('kubernetes.deployments.patch.apps/v1', '{"type":"object","properties":{"namespace":{"type":"string","pattern":"^."},"name":{"type":"string","pattern":"^."},"patch_type":{"type":"string","enum":["json","merge"]}},"required":["namespace","name","patch_type"],"dependentRequired":{"patch_type":["patch_data"]},"additionalProperties":false,"if":{"properties":{"patch_type":{"const":"json"}}},"then":{"properties":{"patch_data":{"type":"array","items":{"oneOf":[{"additionalProperties":false,"required":["value","op","path"],"properties":{"path":{"$ref":"#/$defs/path"},"op":{"description":"The operation to perform.","type":"string","enum":["add","replace","test"]},"value":{"description":"The value to add, replace or test."}}},{"additionalProperties":false,"required":["op","path"],"properties":{"path":{"$ref":"#/$defs/path"},"op":{"description":"The operation to perform.","type":"string","enum":["remove"]}}},{"additionalProperties":false,"required":["from","op","path"],"properties":{"path":{"$ref":"#/$defs/path"},"op":{"description":"The operation to perform.","type":"string","enum":["move","copy"]},"from":{"$ref":"#/$defs/path","description":"A JSON Pointer path pointing to the location to move/copy from."}}}]}}}},"else":{"properties":{"patch_data":{"type":"object"}}},"$defs":{"path":{"description":"A JSON Pointer path.","type":"string"}}}', 'kubernetes-deployments-patch-apps/v1', 'namespace:optional;string;,labels:optional;key-value;', NOW());
INSERT INTO `template_recipe` ( `method`, `args`, `name`, `summary`, `created`) VALUES ('kubernetes.statefulsets.patch.apps/v1', '{"type":"object","properties":{"namespace":{"type":"string","pattern":"^."},"name":{"type":"string","pattern":"^."},"patch_type":{"type":"string","enum":["json","merge"]}},"required":["namespace","name","patch_type"],"dependentRequired":{"patch_type":["patch_data"]},"additionalProperties":false,"if":{"properties":{"patch_type":{"const":"json"}}},"then":{"properties":{"patch_data":{"type":"array","items":{"oneOf":[{"additionalProperties":false,"required":["value","op","path"],"properties":{"path":{"$ref":"#/$defs/path"},"op":{"description":"The operation to perform.","type":"string","enum":["add","replace","test"]},"value":{"description":"The value to add, replace or test."}}},{"additionalProperties":false,"required":["op","path"],"properties":{"path":{"$ref":"#/$defs/path"},"op":{"description":"The operation to perform.","type":"string","enum":["remove"]}}},{"additionalProperties":false,"required":["from","op","path"],"properties":{"path":{"$ref":"#/$defs/path"},"op":{"description":"The operation to perform.","type":"string","enum":["move","copy"]},"from":{"$ref":"#/$defs/path","description":"A JSON Pointer path pointing to the location to move/copy from."}}}]}}}},"else":{"properties":{"patch_data":{"type":"object"}}},"$defs":{"path":{"description":"A JSON Pointer path.","type":"string"}}}', 'kubernetes-statefulsets-patch-apps/v1', 'namespace:optional;string;,labels:optional;key-value;', NOW());
INSERT INTO `template_recipe` ( `method`, `args`, `name`, `summary`, `created`) VALUES ('kubernetes.daemonsets.patch.apps/v1', '{"type":"object","properties":{"namespace":{"type":"string","pattern":"^."},"name":{"type":"string","pattern":"^."},"patch_type":{"type":"string","enum":["json","merge"]}},"required":["namespace","name","patch_type"],"dependentRequired":{"patch_type":["patch_data"]},"additionalProperties":false,"if":{"properties":{"patch_type":{"const":"json"}}},"then":{"properties":{"patch_data":{"type":"array","items":{"oneOf":[{"additionalProperties":false,"required":["value","op","path"],"properties":{"path":{"$ref":"#/$defs/path"},"op":{"description":"The operation to perform.","type":"string","enum":["add","replace","test"]},"value":{"description":"The value to add, replace or test."}}},{"additionalProperties":false,"required":["op","path"],"properties":{"path":{"$ref":"#/$defs/path"},"op":{"description":"The operation to perform.","type":"string","enum":["remove"]}}},{"additionalProperties":false,"required":["from","op","path"],"properties":{"path":{"$ref":"#/$defs/path"},"op":{"description":"The operation to perform.","type":"string","enum":["move","copy"]},"from":{"$ref":"#/$defs/path","description":"A JSON Pointer path pointing to the location to move/copy from."}}}]}}}},"else":{"properties":{"patch_data":{"type":"object"}}},"$defs":{"path":{"description":"A JSON Pointer path.","type":"string"}}}', 'kubernetes-daemonsets-patch-apps/v1', 'namespace:optional;string;,labels:optional;key-value;', NOW());

-- k8s.group_version: networking.k8s.io/v1
INSERT INTO `template_recipe` ( `method`, `args`, `name`, `summary`, `created`) VALUES ('kubernetes.ingresses.patch.networking.k8s.io/v1', '{"type":"object","properties":{"namespace":{"type":"string","pattern":"^."},"name":{"type":"string","pattern":"^."},"patch_type":{"type":"string","enum":["json","merge"]}},"required":["namespace","name","patch_type"],"dependentRequired":{"patch_type":["patch_data"]},"additionalProperties":false,"if":{"properties":{"patch_type":{"const":"json"}}},"then":{"properties":{"patch_data":{"type":"array","items":{"oneOf":[{"additionalProperties":false,"required":["value","op","path"],"properties":{"path":{"$ref":"#/$defs/path"},"op":{"description":"The operation to perform.","type":"string","enum":["add","replace","test"]},"value":{"description":"The value to add, replace or test."}}},{"additionalProperties":false,"required":["op","path"],"properties":{"path":{"$ref":"#/$defs/path"},"op":{"description":"The operation to perform.","type":"string","enum":["remove"]}}},{"additionalProperties":false,"required":["from","op","path"],"properties":{"path":{"$ref":"#/$defs/path"},"op":{"description":"The operation to perform.","type":"string","enum":["move","copy"]},"from":{"$ref":"#/$defs/path","description":"A JSON Pointer path pointing to the location to move/copy from."}}}]}}}},"else":{"properties":{"patch_data":{"type":"object"}}},"$defs":{"path":{"description":"A JSON Pointer path.","type":"string"}}}', 'kubernetes-ingresses-patch-networking.k8s.io/v1', 'namespace:optional;string;,labels:optional;key-value;', NOW());

-- k8s.group_version: monitoring.coreos.com/v1
INSERT INTO `template_recipe` ( `method`, `args`, `name`, `summary`, `created`) VALUES ('kubernetes.prometheuses.patch.monitoring.coreos.com/v1', '{"type":"object","properties":{"namespace":{"type":"string","pattern":"^."},"name":{"type":"string","pattern":"^."},"patch_type":{"type":"string","enum":["json","merge"]}},"required":["namespace","name","patch_type"],"dependentRequired":{"patch_type":["patch_data"]},"additionalProperties":false,"if":{"properties":{"patch_type":{"const":"json"}}},"then":{"properties":{"patch_data":{"type":"array","items":{"oneOf":[{"additionalProperties":false,"required":["value","op","path"],"properties":{"path":{"$ref":"#/$defs/path"},"op":{"description":"The operation to perform.","type":"string","enum":["add","replace","test"]},"value":{"description":"The value to add, replace or test."}}},{"additionalProperties":false,"required":["op","path"],"properties":{"path":{"$ref":"#/$defs/path"},"op":{"description":"The operation to perform.","type":"string","enum":["remove"]}}},{"additionalProperties":false,"required":["from","op","path"],"properties":{"path":{"$ref":"#/$defs/path"},"op":{"description":"The operation to perform.","type":"string","enum":["move","copy"]},"from":{"$ref":"#/$defs/path","description":"A JSON Pointer path pointing to the location to move/copy from."}}}]}}}},"else":{"properties":{"patch_data":{"type":"object"}}},"$defs":{"path":{"description":"A JSON Pointer path.","type":"string"}}}', 'kubernetes-prometheuses-patch-monitoring.coreos.com/v1', 'namespace:optional;string;,labels:optional;key-value;', NOW());
INSERT INTO `template_recipe` ( `method`, `args`, `name`, `summary`, `created`) VALUES ('kubernetes.prometheusrules.patch.monitoring.coreos.com/v1', '{"type":"object","properties":{"namespace":{"type":"string","pattern":"^."},"name":{"type":"string","pattern":"^."},"patch_type":{"type":"string","enum":["json","merge"]}},"required":["namespace","name","patch_type"],"dependentRequired":{"patch_type":["patch_data"]},"additionalProperties":false,"if":{"properties":{"patch_type":{"const":"json"}}},"then":{"properties":{"patch_data":{"type":"array","items":{"oneOf":[{"additionalProperties":false,"required":["value","op","path"],"properties":{"path":{"$ref":"#/$defs/path"},"op":{"description":"The operation to perform.","type":"string","enum":["add","replace","test"]},"value":{"description":"The value to add, replace or test."}}},{"additionalProperties":false,"required":["op","path"],"properties":{"path":{"$ref":"#/$defs/path"},"op":{"description":"The operation to perform.","type":"string","enum":["remove"]}}},{"additionalProperties":false,"required":["from","op","path"],"properties":{"path":{"$ref":"#/$defs/path"},"op":{"description":"The operation to perform.","type":"string","enum":["move","copy"]},"from":{"$ref":"#/$defs/path","description":"A JSON Pointer path pointing to the location to move/copy from."}}}]}}}},"else":{"properties":{"patch_data":{"type":"object"}}},"$defs":{"path":{"description":"A JSON Pointer path.","type":"string"}}}', 'kubernetes-prometheusrules-patch-monitoring.coreos.com/v1', 'namespace:optional;string;,labels:optional;key-value;', NOW());
INSERT INTO `template_recipe` ( `method`, `args`, `name`, `summary`, `created`) VALUES ('kubernetes.servicemonitors.patch.monitoring.coreos.com/v1', '{"type":"object","properties":{"namespace":{"type":"string","pattern":"^."},"name":{"type":"string","pattern":"^."},"patch_type":{"type":"string","enum":["json","merge"]}},"required":["namespace","name","patch_type"],"dependentRequired":{"patch_type":["patch_data"]},"additionalProperties":false,"if":{"properties":{"patch_type":{"const":"json"}}},"then":{"properties":{"patch_data":{"type":"array","items":{"oneOf":[{"additionalProperties":false,"required":["value","op","path"],"properties":{"path":{"$ref":"#/$defs/path"},"op":{"description":"The operation to perform.","type":"string","enum":["add","replace","test"]},"value":{"description":"The value to add, replace or test."}}},{"additionalProperties":false,"required":["op","path"],"properties":{"path":{"$ref":"#/$defs/path"},"op":{"description":"The operation to perform.","type":"string","enum":["remove"]}}},{"additionalProperties":false,"required":["from","op","path"],"properties":{"path":{"$ref":"#/$defs/path"},"op":{"description":"The operation to perform.","type":"string","enum":["move","copy"]},"from":{"$ref":"#/$defs/path","description":"A JSON Pointer path pointing to the location to move/copy from."}}}]}}}},"else":{"properties":{"patch_data":{"type":"object"}}},"$defs":{"path":{"description":"A JSON Pointer path.","type":"string"}}}', 'kubernetes-servicemonitors-patch-monitoring.coreos.com/v1', 'namespace:optional;string;,labels:optional;key-value;', NOW());
INSERT INTO `template_recipe` ( `method`, `args`, `name`, `summary`, `created`) VALUES ('kubernetes.alertmanagers.patch.monitoring.coreos.com/v1', '{"type":"object","properties":{"namespace":{"type":"string","pattern":"^."},"name":{"type":"string","pattern":"^."},"patch_type":{"type":"string","enum":["json","merge"]}},"required":["namespace","name","patch_type"],"dependentRequired":{"patch_type":["patch_data"]},"additionalProperties":false,"if":{"properties":{"patch_type":{"const":"json"}}},"then":{"properties":{"patch_data":{"type":"array","items":{"oneOf":[{"additionalProperties":false,"required":["value","op","path"],"properties":{"path":{"$ref":"#/$defs/path"},"op":{"description":"The operation to perform.","type":"string","enum":["add","replace","test"]},"value":{"description":"The value to add, replace or test."}}},{"additionalProperties":false,"required":["op","path"],"properties":{"path":{"$ref":"#/$defs/path"},"op":{"description":"The operation to perform.","type":"string","enum":["remove"]}}},{"additionalProperties":false,"required":["from","op","path"],"properties":{"path":{"$ref":"#/$defs/path"},"op":{"description":"The operation to perform.","type":"string","enum":["move","copy"]},"from":{"$ref":"#/$defs/path","description":"A JSON Pointer path pointing to the location to move/copy from."}}}]}}}},"else":{"properties":{"patch_data":{"type":"object"}}},"$defs":{"path":{"description":"A JSON Pointer path.","type":"string"}}}', 'kubernetes-alertmanagers-patch-monitoring.coreos.com/v1', 'namespace:optional;string;,labels:optional;key-value;', NOW());
INSERT INTO `template_recipe` ( `method`, `args`, `name`, `summary`, `created`) VALUES ('kubernetes.podmonitors.patch.monitoring.coreos.com/v1', '{"type":"object","properties":{"namespace":{"type":"string","pattern":"^."},"name":{"type":"string","pattern":"^."},"patch_type":{"type":"string","enum":["json","merge"]}},"required":["namespace","name","patch_type"],"dependentRequired":{"patch_type":["patch_data"]},"additionalProperties":false,"if":{"properties":{"patch_type":{"const":"json"}}},"then":{"properties":{"patch_data":{"type":"array","items":{"oneOf":[{"additionalProperties":false,"required":["value","op","path"],"properties":{"path":{"$ref":"#/$defs/path"},"op":{"description":"The operation to perform.","type":"string","enum":["add","replace","test"]},"value":{"description":"The value to add, replace or test."}}},{"additionalProperties":false,"required":["op","path"],"properties":{"path":{"$ref":"#/$defs/path"},"op":{"description":"The operation to perform.","type":"string","enum":["remove"]}}},{"additionalProperties":false,"required":["from","op","path"],"properties":{"path":{"$ref":"#/$defs/path"},"op":{"description":"The operation to perform.","type":"string","enum":["move","copy"]},"from":{"$ref":"#/$defs/path","description":"A JSON Pointer path pointing to the location to move/copy from."}}}]}}}},"else":{"properties":{"patch_data":{"type":"object"}}},"$defs":{"path":{"description":"A JSON Pointer path.","type":"string"}}}', 'kubernetes-podmonitors-patch-monitoring.coreos.com/v1', 'namespace:optional;string;,labels:optional;key-value;', NOW());
INSERT INTO `template_recipe` ( `method`, `args`, `name`, `summary`, `created`) VALUES ('kubernetes.probes.patch.monitoring.coreos.com/v1', '{"type":"object","properties":{"namespace":{"type":"string","pattern":"^."},"name":{"type":"string","pattern":"^."},"patch_type":{"type":"string","enum":["json","merge"]}},"required":["namespace","name","patch_type"],"dependentRequired":{"patch_type":["patch_data"]},"additionalProperties":false,"if":{"properties":{"patch_type":{"const":"json"}}},"then":{"properties":{"patch_data":{"type":"array","items":{"oneOf":[{"additionalProperties":false,"required":["value","op","path"],"properties":{"path":{"$ref":"#/$defs/path"},"op":{"description":"The operation to perform.","type":"string","enum":["add","replace","test"]},"value":{"description":"The value to add, replace or test."}}},{"additionalProperties":false,"required":["op","path"],"properties":{"path":{"$ref":"#/$defs/path"},"op":{"description":"The operation to perform.","type":"string","enum":["remove"]}}},{"additionalProperties":false,"required":["from","op","path"],"properties":{"path":{"$ref":"#/$defs/path"},"op":{"description":"The operation to perform.","type":"string","enum":["move","copy"]},"from":{"$ref":"#/$defs/path","description":"A JSON Pointer path pointing to the location to move/copy from."}}}]}}}},"else":{"properties":{"patch_data":{"type":"object"}}},"$defs":{"path":{"description":"A JSON Pointer path.","type":"string"}}}', 'kubernetes-probes-patch-monitoring.coreos.com/v1', 'namespace:optional;string;,labels:optional;key-value;', NOW());
INSERT INTO `template_recipe` ( `method`, `args`, `name`, `summary`, `created`) VALUES ('kubernetes.thanosrulers.patch.monitoring.coreos.com/v1', '{"type":"object","properties":{"namespace":{"type":"string","pattern":"^."},"name":{"type":"string","pattern":"^."},"patch_type":{"type":"string","enum":["json","merge"]}},"required":["namespace","name","patch_type"],"dependentRequired":{"patch_type":["patch_data"]},"additionalProperties":false,"if":{"properties":{"patch_type":{"const":"json"}}},"then":{"properties":{"patch_data":{"type":"array","items":{"oneOf":[{"additionalProperties":false,"required":["value","op","path"],"properties":{"path":{"$ref":"#/$defs/path"},"op":{"description":"The operation to perform.","type":"string","enum":["add","replace","test"]},"value":{"description":"The value to add, replace or test."}}},{"additionalProperties":false,"required":["op","path"],"properties":{"path":{"$ref":"#/$defs/path"},"op":{"description":"The operation to perform.","type":"string","enum":["remove"]}}},{"additionalProperties":false,"required":["from","op","path"],"properties":{"path":{"$ref":"#/$defs/path"},"op":{"description":"The operation to perform.","type":"string","enum":["move","copy"]},"from":{"$ref":"#/$defs/path","description":"A JSON Pointer path pointing to the location to move/copy from."}}}]}}}},"else":{"properties":{"patch_data":{"type":"object"}}},"$defs":{"path":{"description":"A JSON Pointer path.","type":"string"}}}', 'kubernetes-thanosrulers-patch-monitoring.coreos.com/v1', 'namespace:optional;string;,labels:optional;key-value;', NOW());

-- k8s.group_version: monitoring.coreos.com/v1alpha1
INSERT INTO `template_recipe` ( `method`, `args`, `name`, `summary`, `created`) VALUES ('kubernetes.alertmanagerconfigs.patch.monitoring.coreos.com/v1alpha1', '{"type":"object","properties":{"namespace":{"type":"string","pattern":"^."},"name":{"type":"string","pattern":"^."},"patch_type":{"type":"string","enum":["json","merge"]}},"required":["namespace","name","patch_type"],"dependentRequired":{"patch_type":["patch_data"]},"additionalProperties":false,"if":{"properties":{"patch_type":{"const":"json"}}},"then":{"properties":{"patch_data":{"type":"array","items":{"oneOf":[{"additionalProperties":false,"required":["value","op","path"],"properties":{"path":{"$ref":"#/$defs/path"},"op":{"description":"The operation to perform.","type":"string","enum":["add","replace","test"]},"value":{"description":"The value to add, replace or test."}}},{"additionalProperties":false,"required":["op","path"],"properties":{"path":{"$ref":"#/$defs/path"},"op":{"description":"The operation to perform.","type":"string","enum":["remove"]}}},{"additionalProperties":false,"required":["from","op","path"],"properties":{"path":{"$ref":"#/$defs/path"},"op":{"description":"The operation to perform.","type":"string","enum":["move","copy"]},"from":{"$ref":"#/$defs/path","description":"A JSON Pointer path pointing to the location to move/copy from."}}}]}}}},"else":{"properties":{"patch_data":{"type":"object"}}},"$defs":{"path":{"description":"A JSON Pointer path.","type":"string"}}}', 'kubernetes-alertmanagerconfigs-patch-monitoring.coreos.com/v1alpha1', 'namespace:optional;string;,labels:optional;key-value;', NOW());

-- k8s.group_version: batch/v1
INSERT INTO `template_recipe` ( `method`, `args`, `name`, `summary`, `created`) VALUES ('kubernetes.cronjobs.patch.batch/v1', '{"type":"object","properties":{"namespace":{"type":"string","pattern":"^."},"name":{"type":"string","pattern":"^."},"patch_type":{"type":"string","enum":["json","merge"]}},"required":["namespace","name","patch_type"],"dependentRequired":{"patch_type":["patch_data"]},"additionalProperties":false,"if":{"properties":{"patch_type":{"const":"json"}}},"then":{"properties":{"patch_data":{"type":"array","items":{"oneOf":[{"additionalProperties":false,"required":["value","op","path"],"properties":{"path":{"$ref":"#/$defs/path"},"op":{"description":"The operation to perform.","type":"string","enum":["add","replace","test"]},"value":{"description":"The value to add, replace or test."}}},{"additionalProperties":false,"required":["op","path"],"properties":{"path":{"$ref":"#/$defs/path"},"op":{"description":"The operation to perform.","type":"string","enum":["remove"]}}},{"additionalProperties":false,"required":["from","op","path"],"properties":{"path":{"$ref":"#/$defs/path"},"op":{"description":"The operation to perform.","type":"string","enum":["move","copy"]},"from":{"$ref":"#/$defs/path","description":"A JSON Pointer path pointing to the location to move/copy from."}}}]}}}},"else":{"properties":{"patch_data":{"type":"object"}}},"$defs":{"path":{"description":"A JSON Pointer path.","type":"string"}}}', 'kubernetes-cronjobs-patch-batch/v1', 'namespace:optional;string;,labels:optional;key-value;', NOW());

-- k8s.group_version: autoscaling/v2
INSERT INTO `template_recipe` ( `method`, `args`, `name`, `summary`, `created`) VALUES ('kubernetes.horizontalpodautoscalers.patch.autoscaling/v2', '{"type":"object","properties":{"namespace":{"type":"string","pattern":"^."},"name":{"type":"string","pattern":"^."},"patch_type":{"type":"string","enum":["json","merge"]}},"required":["namespace","name","patch_type"],"dependentRequired":{"patch_type":["patch_data"]},"additionalProperties":false,"if":{"properties":{"patch_type":{"const":"json"}}},"then":{"properties":{"patch_data":{"type":"array","items":{"oneOf":[{"additionalProperties":false,"required":["value","op","path"],"properties":{"path":{"$ref":"#/$defs/path"},"op":{"description":"The operation to perform.","type":"string","enum":["add","replace","test"]},"value":{"description":"The value to add, replace or test."}}},{"additionalProperties":false,"required":["op","path"],"properties":{"path":{"$ref":"#/$defs/path"},"op":{"description":"The operation to perform.","type":"string","enum":["remove"]}}},{"additionalProperties":false,"required":["from","op","path"],"properties":{"path":{"$ref":"#/$defs/path"},"op":{"description":"The operation to perform.","type":"string","enum":["move","copy"]},"from":{"$ref":"#/$defs/path","description":"A JSON Pointer path pointing to the location to move/copy from."}}}]}}}},"else":{"properties":{"patch_data":{"type":"object"}}},"$defs":{"path":{"description":"A JSON Pointer path.","type":"string"}}}', 'kubernetes-horizontalpodautoscalers-patch-autoscaling/v2', 'namespace:optional;string;,labels:optional;key-value;', NOW());

-- k8s.group_version: rbac.authorization.k8s.io/v1
INSERT INTO `template_recipe` ( `method`, `args`, `name`, `summary`, `created`) VALUES ('kubernetes.clusterrolebindings.patch.rbac.authorization.k8s.io/v1', '{"type":"object","properties":{"name":{"type":"string","pattern":"^."},"patch_type":{"type":"string","enum":["json","merge"]}},"required":["name","patch_type"],"dependentRequired":{"patch_type":["patch_data"]},"additionalProperties":false,"if":{"properties":{"patch_type":{"const":"json"}}},"then":{"properties":{"patch_data":{"type":"array","items":{"oneOf":[{"additionalProperties":false,"required":["value","op","path"],"properties":{"path":{"$ref":"#/$defs/path"},"op":{"description":"The operation to perform.","type":"string","enum":["add","replace","test"]},"value":{"description":"The value to add, replace or test."}}},{"additionalProperties":false,"required":["op","path"],"properties":{"path":{"$ref":"#/$defs/path"},"op":{"description":"The operation to perform.","type":"string","enum":["remove"]}}},{"additionalProperties":false,"required":["from","op","path"],"properties":{"path":{"$ref":"#/$defs/path"},"op":{"description":"The operation to perform.","type":"string","enum":["move","copy"]},"from":{"$ref":"#/$defs/path","description":"A JSON Pointer path pointing to the location to move/copy from."}}}]}}}},"else":{"properties":{"patch_data":{"type":"object"}}},"$defs":{"path":{"description":"A JSON Pointer path.","type":"string"}}}', 'kubernetes-clusterrolebindings-patch-rbac.authorization.k8s.io/v1', 'labels:optional;key-value;', NOW());
INSERT INTO `template_recipe` ( `method`, `args`, `name`, `summary`, `created`) VALUES ('kubernetes.clusterroles.patch.rbac.authorization.k8s.io/v1', '{"type":"object","properties":{"name":{"type":"string","pattern":"^."},"patch_type":{"type":"string","enum":["json","merge"]}},"required":["name","patch_type"],"dependentRequired":{"patch_type":["patch_data"]},"additionalProperties":false,"if":{"properties":{"patch_type":{"const":"json"}}},"then":{"properties":{"patch_data":{"type":"array","items":{"oneOf":[{"additionalProperties":false,"required":["value","op","path"],"properties":{"path":{"$ref":"#/$defs/path"},"op":{"description":"The operation to perform.","type":"string","enum":["add","replace","test"]},"value":{"description":"The value to add, replace or test."}}},{"additionalProperties":false,"required":["op","path"],"properties":{"path":{"$ref":"#/$defs/path"},"op":{"description":"The operation to perform.","type":"string","enum":["remove"]}}},{"additionalProperties":false,"required":["from","op","path"],"properties":{"path":{"$ref":"#/$defs/path"},"op":{"description":"The operation to perform.","type":"string","enum":["move","copy"]},"from":{"$ref":"#/$defs/path","description":"A JSON Pointer path pointing to the location to move/copy from."}}}]}}}},"else":{"properties":{"patch_data":{"type":"object"}}},"$defs":{"path":{"description":"A JSON Pointer path.","type":"string"}}}', 'kubernetes-clusterroles-patch-rbac.authorization.k8s.io/v1', 'labels:optional;key-value;', NOW());
INSERT INTO `template_recipe` ( `method`, `args`, `name`, `summary`, `created`) VALUES ('kubernetes.rolebindings.patch.rbac.authorization.k8s.io/v1', '{"type":"object","properties":{"namespace":{"type":"string","pattern":"^."},"name":{"type":"string","pattern":"^."},"patch_type":{"type":"string","enum":["json","merge"]}},"required":["namespace","name","patch_type"],"dependentRequired":{"patch_type":["patch_data"]},"additionalProperties":false,"if":{"properties":{"patch_type":{"const":"json"}}},"then":{"properties":{"patch_data":{"type":"array","items":{"oneOf":[{"additionalProperties":false,"required":["value","op","path"],"properties":{"path":{"$ref":"#/$defs/path"},"op":{"description":"The operation to perform.","type":"string","enum":["add","replace","test"]},"value":{"description":"The value to add, replace or test."}}},{"additionalProperties":false,"required":["op","path"],"properties":{"path":{"$ref":"#/$defs/path"},"op":{"description":"The operation to perform.","type":"string","enum":["remove"]}}},{"additionalProperties":false,"required":["from","op","path"],"properties":{"path":{"$ref":"#/$defs/path"},"op":{"description":"The operation to perform.","type":"string","enum":["move","copy"]},"from":{"$ref":"#/$defs/path","description":"A JSON Pointer path pointing to the location to move/copy from."}}}]}}}},"else":{"properties":{"patch_data":{"type":"object"}}},"$defs":{"path":{"description":"A JSON Pointer path.","type":"string"}}}', 'kubernetes-rolebindings-patch-rbac.authorization.k8s.io/v1', 'namespace:optional;string;,labels:optional;key-value;', NOW());
INSERT INTO `template_recipe` ( `method`, `args`, `name`, `summary`, `created`) VALUES ('kubernetes.roles.patch.rbac.authorization.k8s.io/v1', '{"type":"object","properties":{"namespace":{"type":"string","pattern":"^."},"name":{"type":"string","pattern":"^."},"patch_type":{"type":"string","enum":["json","merge"]}},"required":["namespace","name","patch_type"],"dependentRequired":{"patch_type":["patch_data"]},"additionalProperties":false,"if":{"properties":{"patch_type":{"const":"json"}}},"then":{"properties":{"patch_data":{"type":"array","items":{"oneOf":[{"additionalProperties":false,"required":["value","op","path"],"properties":{"path":{"$ref":"#/$defs/path"},"op":{"description":"The operation to perform.","type":"string","enum":["add","replace","test"]},"value":{"description":"The value to add, replace or test."}}},{"additionalProperties":false,"required":["op","path"],"properties":{"path":{"$ref":"#/$defs/path"},"op":{"description":"The operation to perform.","type":"string","enum":["remove"]}}},{"additionalProperties":false,"required":["from","op","path"],"properties":{"path":{"$ref":"#/$defs/path"},"op":{"description":"The operation to perform.","type":"string","enum":["move","copy"]},"from":{"$ref":"#/$defs/path","description":"A JSON Pointer path pointing to the location to move/copy from."}}}]}}}},"else":{"properties":{"patch_data":{"type":"object"}}},"$defs":{"path":{"description":"A JSON Pointer path.","type":"string"}}}', 'kubernetes-roles-patch-rbac.authorization.k8s.io/v1', 'namespace:optional;string;,labels:optional;key-value;', NOW());
