INSERT INTO `template` (`uuid`, `name`, `summary`, `origin`, `created`) VALUES ('50000000000000000000000000000001', 'openstack_identity_projects_get', 'class=\'openstack\' resource=\'identity\' verb=\'get\' group_version=\'\'', 'predefined', NOW());
INSERT INTO `template_command` (`uuid`, `name`, `summary`, `template_uuid`, `sequence`, `method`, `args`, `result_filter`, `created`) VALUES ('50000000000000000000000000000001', 'openstack_identity_projects_get_0', 'class=\'openstack\' resource=\'identity\' verb=\'get\' group_version=\'\'', '50000000000000000000000000000001', '0', 'openstack.identity.projects.get', '{"type":"object","properties":{"url":{"type":"string","pattern":"^."},"credential_key":{"type":"string","pattern":"^."},"id":{"type":"string","pattern":"^."},"query":{"type":"object","additionalProperties":{"type":"string"}}},"required":["url","credential_key","id"]}', NULL, NOW());
INSERT INTO `template` (`uuid`, `name`, `summary`, `origin`, `created`) VALUES ('50000000000000000000000000000002', 'openstack_identity_projects_list', 'class=\'openstack\' resource=\'identity\' verb=\'list\' group_version=\'\'', 'predefined', NOW());
INSERT INTO `template_command` (`uuid`, `name`, `summary`, `template_uuid`, `sequence`, `method`, `args`, `result_filter`, `created`) VALUES ('50000000000000000000000000000002', 'openstack_identity_projects_list_0', 'class=\'openstack\' resource=\'identity\' verb=\'list\' group_version=\'\'', '50000000000000000000000000000002', '0', 'openstack.identity.projects.list', '{"type":"object","properties":{"url":{"type":"string","pattern":"^."},"credential_key":{"type":"string","pattern":"^."},"query":{"type":"object","additionalProperties":{"type":"string"}}},"required":["url","credential_key"]}', NULL, NOW());
INSERT INTO `template` (`uuid`, `name`, `summary`, `origin`, `created`) VALUES ('50000000000000000000000000000003', 'openstack_compute_servers_get', 'class=\'openstack\' resource=\'compute\' verb=\'get\' group_version=\'\'', 'predefined', NOW());
INSERT INTO `template_command` (`uuid`, `name`, `summary`, `template_uuid`, `sequence`, `method`, `args`, `result_filter`, `created`) VALUES ('50000000000000000000000000000003', 'openstack_compute_servers_get_0', 'class=\'openstack\' resource=\'compute\' verb=\'get\' group_version=\'\'', '50000000000000000000000000000003', '0', 'openstack.compute.servers.get', '{"type":"object","properties":{"url":{"type":"string","pattern":"^."},"credential_key":{"type":"string","pattern":"^."},"id":{"type":"string","pattern":"^."},"query":{"type":"object","additionalProperties":{"type":"string"}}},"required":["url","credential_key","id"]}', NULL, NOW());
INSERT INTO `template` (`uuid`, `name`, `summary`, `origin`, `created`) VALUES ('50000000000000000000000000000004', 'openstack_compute_servers_list', 'class=\'openstack\' resource=\'compute\' verb=\'list\' group_version=\'\'', 'predefined', NOW());
INSERT INTO `template_command` (`uuid`, `name`, `summary`, `template_uuid`, `sequence`, `method`, `args`, `result_filter`, `created`) VALUES ('50000000000000000000000000000004', 'openstack_compute_servers_list_0', 'class=\'openstack\' resource=\'compute\' verb=\'list\' group_version=\'\'', '50000000000000000000000000000004', '0', 'openstack.compute.servers.list', '{"type":"object","properties":{"url":{"type":"string","pattern":"^."},"credential_key":{"type":"string","pattern":"^."},"query":{"type":"object","additionalProperties":{"type":"string"}}},"required":["url","credential_key"]}', NULL, NOW());
INSERT INTO `template` (`uuid`, `name`, `summary`, `origin`, `created`) VALUES ('50000000000000000000000000000005', 'openstack_networking_networks_get', 'class=\'openstack\' resource=\'networking\' verb=\'get\' group_version=\'\'', 'predefined', NOW());
INSERT INTO `template_command` (`uuid`, `name`, `summary`, `template_uuid`, `sequence`, `method`, `args`, `result_filter`, `created`) VALUES ('50000000000000000000000000000005', 'openstack_networking_networks_get_0', 'class=\'openstack\' resource=\'networking\' verb=\'get\' group_version=\'\'', '50000000000000000000000000000005', '0', 'openstack.networking.networks.get', '{"type":"object","properties":{"url":{"type":"string","pattern":"^."},"credential_key":{"type":"string","pattern":"^."},"id":{"type":"string","pattern":"^."},"query":{"type":"object","additionalProperties":{"type":"string"}}},"required":["url","credential_key","id"]}', NULL, NOW());
INSERT INTO `template` (`uuid`, `name`, `summary`, `origin`, `created`) VALUES ('50000000000000000000000000000006', 'openstack_networking_networks_list', 'class=\'openstack\' resource=\'networking\' verb=\'list\' group_version=\'\'', 'predefined', NOW());
INSERT INTO `template_command` (`uuid`, `name`, `summary`, `template_uuid`, `sequence`, `method`, `args`, `result_filter`, `created`) VALUES ('50000000000000000000000000000006', 'openstack_networking_networks_list_0', 'class=\'openstack\' resource=\'networking\' verb=\'list\' group_version=\'\'', '50000000000000000000000000000006', '0', 'openstack.networking.networks.list', '{"type":"object","properties":{"url":{"type":"string","pattern":"^."},"credential_key":{"type":"string","pattern":"^."},"query":{"type":"object","additionalProperties":{"type":"string"}}},"required":["url","credential_key"]}', NULL, NOW());
INSERT INTO `template` (`uuid`, `name`, `summary`, `origin`, `created`) VALUES ('50000000000000000000000000000007', 'openstack_networking_routers_get', 'class=\'openstack\' resource=\'networking\' verb=\'get\' group_version=\'\'', 'predefined', NOW());
INSERT INTO `template_command` (`uuid`, `name`, `summary`, `template_uuid`, `sequence`, `method`, `args`, `result_filter`, `created`) VALUES ('50000000000000000000000000000007', 'openstack_networking_routers_get_0', 'class=\'openstack\' resource=\'networking\' verb=\'get\' group_version=\'\'', '50000000000000000000000000000007', '0', 'openstack.networking.routers.get', '{"type":"object","properties":{"url":{"type":"string","pattern":"^."},"credential_key":{"type":"string","pattern":"^."},"id":{"type":"string","pattern":"^."},"query":{"type":"object","additionalProperties":{"type":"string"}}},"required":["url","credential_key","id"]}', NULL, NOW());
INSERT INTO `template` (`uuid`, `name`, `summary`, `origin`, `created`) VALUES ('50000000000000000000000000000008', 'openstack_networking_routers_list', 'class=\'openstack\' resource=\'networking\' verb=\'list\' group_version=\'\'', 'predefined', NOW());
INSERT INTO `template_command` (`uuid`, `name`, `summary`, `template_uuid`, `sequence`, `method`, `args`, `result_filter`, `created`) VALUES ('50000000000000000000000000000008', 'openstack_networking_routers_list_0', 'class=\'openstack\' resource=\'networking\' verb=\'list\' group_version=\'\'', '50000000000000000000000000000008', '0', 'openstack.networking.routers.list', '{"type":"object","properties":{"url":{"type":"string","pattern":"^."},"credential_key":{"type":"string","pattern":"^."},"query":{"type":"object","additionalProperties":{"type":"string"}}},"required":["url","credential_key"]}', NULL, NOW());
INSERT INTO `template` (`uuid`, `name`, `summary`, `origin`, `created`) VALUES ('50000000000000000000000000000009', 'openstack_networking_subnets_get', 'class=\'openstack\' resource=\'networking\' verb=\'get\' group_version=\'\'', 'predefined', NOW());
INSERT INTO `template_command` (`uuid`, `name`, `summary`, `template_uuid`, `sequence`, `method`, `args`, `result_filter`, `created`) VALUES ('50000000000000000000000000000009', 'openstack_networking_subnets_get_0', 'class=\'openstack\' resource=\'networking\' verb=\'get\' group_version=\'\'', '50000000000000000000000000000009', '0', 'openstack.networking.subnets.get', '{"type":"object","properties":{"url":{"type":"string","pattern":"^."},"credential_key":{"type":"string","pattern":"^."},"id":{"type":"string","pattern":"^."},"query":{"type":"object","additionalProperties":{"type":"string"}}},"required":["url","credential_key","id"]}', NULL, NOW());
INSERT INTO `template` (`uuid`, `name`, `summary`, `origin`, `created`) VALUES ('50000000000000000000000000000010', 'openstack_networking_subnets_list', 'class=\'openstack\' resource=\'networking\' verb=\'list\' group_version=\'\'', 'predefined', NOW());
INSERT INTO `template_command` (`uuid`, `name`, `summary`, `template_uuid`, `sequence`, `method`, `args`, `result_filter`, `created`) VALUES ('50000000000000000000000000000010', 'openstack_networking_subnets_list_0', 'class=\'openstack\' resource=\'networking\' verb=\'list\' group_version=\'\'', '50000000000000000000000000000010', '0', 'openstack.networking.subnets.list', '{"type":"object","properties":{"url":{"type":"string","pattern":"^."},"credential_key":{"type":"string","pattern":"^."},"query":{"type":"object","additionalProperties":{"type":"string"}}},"required":["url","credential_key"]}', NULL, NOW());

INSERT INTO `template_recipe` ( `method`, `args`, `name`, `summary`, `created`) VALUES ('openstack.identity.projects.get', '{"type":"object","properties":{"url":{"type":"string","pattern":"^."},"credential_key":{"type":"string","pattern":"^."},"id":{"type":"string","pattern":"^."},"query":{"type":"object","additionalProperties":{"type":"string"}}},"required":["url","credential_key","id"]}', 'openstack-identity-projects-get', 'url:required;string;,credential_key:required;string;,id:required;string;,query:optional;string;', NOW());
INSERT INTO `template_recipe` ( `method`, `args`, `name`, `summary`, `created`) VALUES ('openstack.identity.projects.list', '{"type":"object","properties":{"url":{"type":"string","pattern":"^."},"credential_key":{"type":"string","pattern":"^."},"query":{"type":"object","additionalProperties":{"type":"string"}}},"required":["url","credential_key"]}', 'openstack-identity-projects-list', 'url:required;string;,credential_key:required;string;,query:optional;string;', NOW());
INSERT INTO `template_recipe` ( `method`, `args`, `name`, `summary`, `created`) VALUES ('openstack.compute.servers.get', '{"type":"object","properties":{"url":{"type":"string","pattern":"^."},"credential_key":{"type":"string","pattern":"^."},"id":{"type":"string","pattern":"^."},"query":{"type":"object","additionalProperties":{"type":"string"}}},"required":["url","credential_key","id"]}', 'openstack-compute-servers-get', 'url:required;string;,credential_key:required;string;,id:required;string;,query:optional;string;', NOW());
INSERT INTO `template_recipe` ( `method`, `args`, `name`, `summary`, `created`) VALUES ('openstack.compute.servers.list', '{"type":"object","properties":{"url":{"type":"string","pattern":"^."},"credential_key":{"type":"string","pattern":"^."},"query":{"type":"object","additionalProperties":{"type":"string"}}},"required":["url","credential_key"]}', 'openstack-compute-servers-list', 'url:required;string;,credential_key:required;string;,query:optional;string;', NOW());
INSERT INTO `template_recipe` ( `method`, `args`, `name`, `summary`, `created`) VALUES ('openstack.networking.networks.get', '{"type":"object","properties":{"url":{"type":"string","pattern":"^."},"credential_key":{"type":"string","pattern":"^."},"id":{"type":"string","pattern":"^."},"query":{"type":"object","additionalProperties":{"type":"string"}}},"required":["url","credential_key","id"]}', 'openstack-networking-networks-get', 'url:required;string;,credential_key:required;string;,id:required;string;,query:optional;string;', NOW());
INSERT INTO `template_recipe` ( `method`, `args`, `name`, `summary`, `created`) VALUES ('openstack.networking.networks.list', '{"type":"object","properties":{"url":{"type":"string","pattern":"^."},"credential_key":{"type":"string","pattern":"^."},"query":{"type":"object","additionalProperties":{"type":"string"}}},"required":["url","credential_key"]}', 'openstack-networking-networks-list', 'url:required;string;,credential_key:required;string;,query:optional;string;', NOW());
INSERT INTO `template_recipe` ( `method`, `args`, `name`, `summary`, `created`) VALUES ('openstack.networking.routers.get', '{"type":"object","properties":{"url":{"type":"string","pattern":"^."},"credential_key":{"type":"string","pattern":"^."},"id":{"type":"string","pattern":"^."},"query":{"type":"object","additionalProperties":{"type":"string"}}},"required":["url","credential_key","id"]}', 'openstack-networking-routers-get', 'url:required;string;,credential_key:required;string;,id:required;string;,query:optional;string;', NOW());
INSERT INTO `template_recipe` ( `method`, `args`, `name`, `summary`, `created`) VALUES ('openstack.networking.routers.list', '{"type":"object","properties":{"url":{"type":"string","pattern":"^."},"credential_key":{"type":"string","pattern":"^."},"query":{"type":"object","additionalProperties":{"type":"string"}}},"required":["url","credential_key"]}', 'openstack-networking-routers-list', 'url:required;string;,credential_key:required;string;,query:optional;string;', NOW());
INSERT INTO `template_recipe` ( `method`, `args`, `name`, `summary`, `created`) VALUES ('openstack.networking.subnets.get', '{"type":"object","properties":{"url":{"type":"string","pattern":"^."},"credential_key":{"type":"string","pattern":"^."},"id":{"type":"string","pattern":"^."},"query":{"type":"object","additionalProperties":{"type":"string"}}},"required":["url","credential_key","id"]}', 'openstack-networking-subnets-get', 'url:required;string;,credential_key:required;string;,id:required;string;,query:optional;string;', NOW());
INSERT INTO `template_recipe` ( `method`, `args`, `name`, `summary`, `created`) VALUES ('openstack.networking.subnets.list', '{"type":"object","properties":{"url":{"type":"string","pattern":"^."},"credential_key":{"type":"string","pattern":"^."},"query":{"type":"object","additionalProperties":{"type":"string"}}},"required":["url","credential_key"]}', 'openstack-networking-subnets-list', 'url:required;string;,credential_key:required;string;,query:optional;string;', NOW());
